Req ID,Priority,Creation Date,
1,3-High,02/23/2011
4,,02/23/2011
5,,02/23/2011
8,,02/23/2011
9,,02/23/2011
10,,02/23/2011
12,,02/23/2011
13,,02/23/2011
15,,02/23/2011
18,,02/23/2011
19,,02/23/2011
20,,02/23/2011
21,,02/23/2011
22,,02/23/2011
23,,02/23/2011
24,,02/23/2011
26,,02/23/2011
27,,02/23/2011
28,,02/23/2011
29,,02/23/2011
30,,02/23/2011
31,,02/23/2011
32,,02/23/2011
35,,02/23/2011
36,,02/23/2011
37,,02/23/2011
38,,02/23/2011
39,,02/23/2011
40,,02/23/2011
41,,02/23/2011
42,,02/23/2011
43,,02/23/2011
44,,02/23/2011
45,,02/23/2011
47,,02/23/2011
49,,02/23/2011
51,,02/23/2011
52,,02/23/2011
53,,02/23/2011
54,,02/23/2011
55,,02/23/2011
56,,02/23/2011
57,,02/23/2011
58,,02/23/2011
59,,02/23/2011
60,,02/23/2011
61,,02/23/2011
63,,02/23/2011
65,,02/23/2011
66,,02/23/2011
67,,02/23/2011
68,,02/23/2011
69,,02/23/2011
70,,02/23/2011
71,,02/23/2011
72,,02/23/2011
73,,02/23/2011
74,,02/23/2011
75,,02/23/2011
76,,02/23/2011
77,,02/23/2011
78,,02/23/2011
79,,02/23/2011
80,,02/23/2011
81,,02/23/2011
82,,02/23/2011
84,,02/23/2011
85,,02/23/2011
87,,02/23/2011
88,,02/23/2011
89,,02/23/2011
90,,02/23/2011
91,,02/23/2011
92,,02/23/2011
93,,02/23/2011
94,,02/23/2011
95,,02/23/2011
96,,02/23/2011
97,,02/23/2011
98,,02/23/2011
99,,02/23/2011
100,,02/23/2011
101,,02/23/2011
102,,02/23/2011
105,,02/23/2011
106,,02/23/2011
108,,02/23/2011
109,,02/23/2011
111,5-Urgent,03/01/2011
112,1-Low,03/01/2011
113,,03/01/2011
114,,03/01/2011
115,,03/01/2011
117,,03/01/2011
118,,03/01/2011
119,,03/01/2011
120,,03/01/2011
121,,03/01/2011
122,,03/01/2011
124,,03/01/2011
125,,03/01/2011
126,,03/01/2011
127,,03/01/2011
128,,03/01/2011
129,,03/01/2011
130,,03/01/2011
131,,03/01/2011
132,,03/01/2011
133,,03/14/2011
135,,03/15/2011
140,1-Low,03/16/2011
141,,03/16/2011
142,,03/16/2011
143,,03/16/2011
144,,03/16/2011
145,,03/16/2011
146,,03/16/2011
147,,03/16/2011
148,,03/16/2011
152,1-Low,04/21/2011
153,,04/21/2011
156,,04/21/2011
157,5-Urgent,04/27/2011
158,,04/27/2011
159,,04/27/2011
160,,04/27/2011
161,,04/27/2011
162,,04/27/2011
163,,04/27/2011
166,,04/27/2011
167,5-Urgent,04/27/2011
168,,04/27/2011
170,,04/27/2011
172,,04/27/2011
173,,04/27/2011
174,,04/27/2011
175,,04/29/2011
176,,04/29/2011
178,,04/29/2011
179,,04/29/2011
180,,04/29/2011
181,,04/29/2011
182,,04/29/2011
183,,04/29/2011
184,,04/29/2011
185,,04/29/2011
186,,04/29/2011
188,,04/29/2011
189,,05/02/2011
190,,05/02/2011
191,,05/02/2011
192,,05/02/2011
193,,05/04/2011
194,,05/04/2011
196,,05/04/2011
197,,05/04/2011
198,,05/04/2011
199,,05/04/2011
200,,05/04/2011
207,,05/04/2011
211,,05/04/2011
216,,05/04/2011
217,,05/04/2011
218,,05/04/2011
219,,05/04/2011
220,,05/04/2011
221,,05/04/2011
222,,05/04/2011
223,,05/04/2011
224,,05/04/2011
225,,05/04/2011
226,,05/04/2011
227,,05/04/2011
228,,05/04/2011
229,,05/04/2011
230,,05/04/2011
231,,05/04/2011
233,,05/04/2011
235,,05/04/2011
237,,05/11/2011
238,,05/11/2011
240,,05/11/2011
242,,05/11/2011
243,,05/11/2011
245,,05/11/2011
247,,05/12/2011
250,,05/12/2011
251,,05/12/2011
253,,05/12/2011
254,,05/12/2011
255,,05/12/2011
256,,05/12/2011
257,,05/12/2011
258,,05/12/2011
261,,05/12/2011
263,3-High,05/12/2011
264,4-Very High,05/12/2011
265,,05/14/2011
266,,05/14/2011
267,,05/14/2011
268,,05/14/2011
269,,05/14/2011
270,,05/14/2011
271,,05/14/2011
272,,05/14/2011
273,,05/14/2011
274,,05/14/2011
276,,05/14/2011
277,,05/14/2011
278,,05/14/2011
279,,05/16/2011
280,,05/16/2011
281,,05/16/2011
282,,05/16/2011
283,,05/16/2011
284,,05/16/2011
285,,05/16/2011
286,,05/16/2011
287,,05/16/2011
288,,05/16/2011
289,,05/16/2011
292,,05/16/2011
293,,05/16/2011
294,,05/16/2011
295,,05/18/2011
296,,05/18/2011
297,,05/18/2011
298,,05/18/2011
299,,05/19/2011
300,,05/22/2011
301,,05/22/2011
302,,05/22/2011
303,,05/22/2011
304,,05/22/2011
305,,05/22/2011
306,,05/22/2011
307,,05/22/2011
309,,05/25/2011
310,,05/25/2011
311,,05/26/2011
312,,05/27/2011
313,,05/27/2011
314,,05/27/2011
315,,05/27/2011
317,,05/27/2011
321,,06/16/2011
322,,06/24/2011
323,,06/24/2011
324,,06/29/2011
325,,06/29/2011
326,,06/29/2011
327,,06/29/2011
328,,06/29/2011
329,,06/29/2011
330,,06/29/2011
331,,06/29/2011
332,,06/29/2011
333,,06/29/2011
334,,06/29/2011
335,,06/29/2011
336,,06/29/2011
337,,06/29/2011
338,,06/29/2011
339,,06/29/2011
341,,07/22/2011
342,2-Medium,07/27/2011
343,,08/03/2011
344,,08/11/2011
345,,08/19/2011
348,2-Medium,09/28/2011
349,,10/12/2011
350,3-High,10/13/2011
351,,10/13/2011
352,,10/25/2011
353,,10/25/2011
354,,10/25/2011
355,,10/25/2011
356,,10/25/2011
357,,10/25/2011
358,,10/25/2011
359,,10/25/2011
360,,10/25/2011
361,,10/25/2011
364,,11/02/2011
365,,11/16/2011
366,4-Very High,11/16/2011
367,,11/16/2011
368,,11/16/2011
369,,11/16/2011
372,,11/16/2011
373,,11/16/2011
374,,11/16/2011
375,,11/16/2011
377,,11/16/2011
378,,11/16/2011
380,,11/18/2011
382,,12/08/2011
384,3-High,12/23/2011
385,,12/23/2011
386,,12/23/2011
387,3-High,12/23/2011
388,3-High,12/23/2011
389,3-High,12/23/2011
390,3-High,12/23/2011
391,3-High,12/23/2011
392,,12/23/2011
393,3-High,12/23/2011
394,3-High,12/27/2011
395,3-High,01/04/2012
396,3-High,01/04/2012
397,3-High,01/04/2012
398,3-High,01/05/2012
400,,01/09/2012
401,2-Medium,01/09/2012
402,,01/09/2012
403,,01/09/2012
404,,01/09/2012
405,,01/09/2012
406,3-High,01/09/2012
407,3-High,01/09/2012
408,1-Low,01/09/2012
409,,01/09/2012
410,,01/09/2012
411,4-Very High,01/09/2012
412,1-Low,01/09/2012
413,4-Very High,01/09/2012
414,2-Medium,01/09/2012
415,,01/09/2012
416,4-Very High,01/09/2012
417,1-Low,01/09/2012
418,3-High,01/09/2012
419,1-Low,01/09/2012
420,2-Medium,01/09/2012
421,2-Medium,01/09/2012
423,3-High,01/09/2012
424,1-Low,01/09/2012
425,,01/09/2012
428,,01/09/2012
429,,01/09/2012
431,,01/20/2012
432,,01/20/2012
433,,01/20/2012
434,,01/20/2012
435,,01/20/2012
436,,01/20/2012
437,,01/20/2012
438,,01/20/2012
439,,01/20/2012
440,,01/20/2012
441,,01/20/2012
442,,01/20/2012
444,1-Low,01/26/2012
446,,02/02/2012
447,,02/02/2012
449,,02/03/2012
450,,02/03/2012
451,,02/03/2012
452,,02/03/2012
456,,02/15/2012
457,3-High,02/16/2012
458,,02/16/2012
459,,02/16/2012
460,,02/16/2012
461,,02/16/2012
462,,02/16/2012
463,,02/16/2012
464,,02/16/2012
465,,02/16/2012
466,,02/16/2012
467,,02/16/2012
468,,02/16/2012
469,,02/16/2012
470,,02/16/2012
471,,02/16/2012
472,,02/16/2012
473,,02/16/2012
474,,02/21/2012
475,2-Medium,03/14/2012
476,4-Very High,03/14/2012
477,4-Very High,03/14/2012
478,2-Medium,03/14/2012
479,3-High,03/15/2012
481,2-Medium,04/16/2012
486,3-High,04/23/2012
488,,04/23/2012
489,,04/23/2012
490,,04/23/2012
492,,04/23/2012
493,,04/23/2012
494,,04/23/2012
495,,04/23/2012
497,,04/23/2012
498,,04/23/2012
499,3-High,04/23/2012
500,4-Very High,04/23/2012
501,,04/23/2012
502,,04/23/2012
504,,04/23/2012
505,4-Very High,04/25/2012
507,3-High,04/25/2012
508,,04/25/2012
509,2-Medium,04/26/2012
510,,04/26/2012
511,,05/02/2012
512,,05/02/2012
513,,05/02/2012
514,,05/08/2012
515,3-High,05/08/2012
516,3-High,05/08/2012
518,3-High,05/16/2012
519,3-High,05/16/2012
520,2-Medium,05/16/2012
522,,05/17/2012
523,3-High,05/18/2012
524,2-Medium,05/22/2012
525,4-Very High,05/24/2012
526,,05/24/2012
527,3-High,05/24/2012
528,2-Medium,05/24/2012
529,3-High,05/24/2012
530,2-Medium,05/29/2012
531,3-High,05/30/2012
533,2-Medium,06/08/2012
534,2-Medium,06/18/2012
536,2-Medium,06/20/2012
537,2-Medium,06/20/2012
538,3-High,06/20/2012
539,,06/21/2012
541,2-Medium,06/22/2012
542,1-Low,06/22/2012
543,,06/22/2012
544,,07/10/2012
545,3-High,07/10/2012
547,3-High,07/10/2012
548,3-High,07/10/2012
549,3-High,07/10/2012
550,3-High,07/10/2012
551,3-High,07/10/2012
552,3-High,07/10/2012
553,3-High,07/10/2012
555,1-Low,07/10/2012
558,3-High,07/10/2012
559,3-High,07/10/2012
561,4-Very High,07/10/2012
562,3-High,07/10/2012
567,1-Low,07/13/2012
568,2-Medium,07/13/2012
569,3-High,07/17/2012
570,2-Medium,07/18/2012
571,4-Very High,07/26/2012
572,,07/30/2012
573,,07/30/2012
574,,07/30/2012
575,,07/30/2012
576,,07/30/2012
577,,07/30/2012
578,,07/30/2012
579,,07/30/2012
580,,07/30/2012
581,,07/30/2012
582,,07/30/2012
583,,07/30/2012
584,,07/30/2012
585,,07/30/2012
586,,07/31/2012
588,,07/31/2012
589,,07/31/2012
590,,07/31/2012
593,,08/01/2012
594,,08/01/2012
595,,08/01/2012
596,,08/01/2012
597,,08/01/2012
598,,08/01/2012
599,,08/01/2012
600,,08/01/2012
601,,08/01/2012
602,,08/01/2012
603,,08/01/2012
604,,08/01/2012
605,,08/01/2012
606,,08/01/2012
607,,08/01/2012
608,,08/01/2012
609,,08/01/2012
610,,08/01/2012
611,,08/01/2012
612,,08/01/2012
613,,08/01/2012
614,,08/06/2012
615,2-Medium,08/09/2012
616,,08/09/2012
617,,08/09/2012
619,,08/09/2012
620,,09/06/2012
621,4-Very High,09/07/2012
622,,09/11/2012
623,,09/19/2012
624,3-High,09/24/2012
625,1-Low,09/24/2012
626,3-High,10/04/2012
627,2-Medium,10/04/2012
629,2-Medium,10/05/2012
630,2-Medium,10/05/2012
632,,10/09/2012
633,5-Urgent,10/10/2012
634,,10/15/2012
635,4-Very High,10/24/2012
636,,10/24/2012
637,,10/24/2012
638,3-High,10/24/2012
639,2-Medium,10/24/2012
641,3-High,10/25/2012
643,3-High,10/25/2012
644,3-High,10/25/2012
645,3-High,10/25/2012
646,2-Medium,10/25/2012
647,3-High,10/25/2012
648,4-Very High,10/25/2012
649,3-High,10/25/2012
650,,10/25/2012
651,3-High,10/25/2012
652,2-Medium,10/25/2012
654,,11/06/2012
655,3-High,11/07/2012
656,3-High,11/07/2012
657,2-Medium,11/07/2012
658,2-Medium,11/07/2012
659,1-Low,11/07/2012
668,3-High,11/14/2012
669,,11/14/2012
670,4-Very High,11/14/2012
671,,11/14/2012
672,4-Very High,11/15/2012
675,,11/29/2012
676,4-Very High,11/29/2012
677,,11/29/2012
678,,12/03/2012
679,,12/03/2012
680,,12/03/2012
681,,12/03/2012
684,3-High,11/15/2012
685,,12/06/2012
686,,11/29/2012
689,,12/19/2012
690,,12/19/2012
691,,12/20/2012
692,4-Very High,12/20/2012
693,,12/20/2012
694,,12/24/2012
695,4-Very High,12/25/2012
696,2-Medium,12/24/2012
697,4-Very High,12/24/2012
698,,12/26/2012
711,,01/04/2013
712,3-High,01/08/2013
713,3-High,01/08/2013
714,4-Very High,01/08/2013
715,1-Low,01/10/2013
716,1-Low,01/10/2013
717,4-Very High,01/14/2013
718,3-High,01/16/2013
720,,01/16/2013
721,,01/16/2013
722,3-High,01/24/2013
723,3-High,01/31/2013
724,4-Very High,02/25/2013
725,3-High,03/06/2013
726,,03/13/2013
727,,03/13/2013
728,,03/14/2013
729,3-High,03/19/2013
730,,03/19/2013
731,3-High,03/20/2013
732,4-Very High,03/21/2013
733,3-High,03/21/2013
734,3-High,03/21/2013
735,3-High,03/21/2013
736,3-High,03/21/2013
737,2-Medium,03/21/2013
738,1-Low,03/21/2013
739,3-High,03/26/2013
740,4-Very High,03/26/2013
743,,03/27/2013
744,3-High,03/29/2013
746,3-High,04/01/2013
747,,04/01/2013
748,2-Medium,04/03/2013
749,3-High,04/08/2013
750,3-High,04/11/2013
751,2-Medium,04/14/2013
752,2-Medium,04/14/2013
753,4-Very High,04/16/2013
754,,04/16/2013
755,3-High,04/16/2013
756,,04/16/2013
757,4-Very High,04/16/2013
758,,04/16/2013
759,,04/16/2013
760,,04/16/2013
761,3-High,04/19/2013
764,,04/25/2013
765,4-Very High,04/26/2013
766,4-Very High,04/26/2013
767,,04/30/2013
768,3-High,04/30/2013
769,4-Very High,05/09/2013
770,,05/10/2013
771,,05/10/2013
772,,06/06/2013
773,,06/06/2013
774,,06/06/2013
775,,06/06/2013
776,,06/06/2013
777,,06/06/2013
778,,06/06/2013
779,,06/06/2013
780,,06/06/2013
781,,06/06/2013
782,,06/06/2013
783,,06/06/2013
784,,07/01/2013
785,,07/01/2013
786,,07/01/2013
787,,07/01/2013
788,,07/03/2013
789,4-Very High,07/19/2013
790,,08/10/2013
791,,08/10/2013
792,,08/15/2013
793,,08/15/2013
794,,08/15/2013
795,,08/29/2013
796,,03/13/2014
797,,12/29/2014
798,3-High,11/17/2014
799,3-High,11/17/2014
800,2-Medium,11/17/2014
801,3-High,11/17/2014
802,3-High,11/17/2014
803,3-High,11/17/2014
804,3-High,11/17/2014
805,2-Medium,11/17/2014
806,3-High,11/17/2014
807,3-High,11/17/2014
808,3-High,11/17/2014
809,3-High,11/17/2014
810,3-High,11/17/2014
811,3-High,11/17/2014
812,3-High,11/17/2014
813,2-Medium,11/17/2014
814,3-High,11/17/2014
815,3-High,11/17/2014
816,2-Medium,11/17/2014
817,3-High,11/17/2014
818,2-Medium,11/17/2014
819,3-High,11/17/2014
820,3-High,11/17/2014
821,3-High,11/17/2014
822,3-High,11/17/2014
823,3-High,11/17/2014
824,,01/05/2015
825,,03/24/2015
826,,03/24/2015
827,,03/24/2015
828,,03/24/2015
829,,04/06/2015
830,,05/12/2015
831,,05/12/2015
832,,05/12/2015
833,,05/12/2015
834,,05/12/2015
835,,05/12/2015
836,,05/12/2015
837,,05/12/2015
838,,05/12/2015
839,,05/12/2015
840,,05/12/2015
841,,05/12/2015
842,,05/12/2015
843,,05/12/2015
844,,05/12/2015
845,,06/18/2015
899,,06/18/2015
900,,06/18/2015
901,,06/18/2015
902,,06/18/2015
903,,06/18/2015
904,,06/18/2015
905,,06/18/2015
906,,06/18/2015
907,,06/18/2015
908,,06/18/2015
909,,06/18/2015
910,,06/18/2015
911,,06/18/2015
912,,06/18/2015
913,,06/18/2015
914,,06/18/2015
915,,06/18/2015
916,,06/18/2015
917,,06/18/2015
918,,06/18/2015
919,,06/18/2015
920,,06/18/2015
921,,06/18/2015
922,,06/18/2015
923,,06/18/2015
924,,06/18/2015
925,,06/18/2015
926,,06/18/2015
927,,06/18/2015
928,,06/18/2015
929,,06/18/2015
930,,06/18/2015
931,,06/18/2015
932,,06/18/2015
933,,06/18/2015
934,,06/18/2015
935,,06/18/2015
936,,06/18/2015
937,,06/18/2015
938,,06/18/2015
939,,06/18/2015
940,,06/18/2015
941,,06/18/2015
942,,06/18/2015
943,,06/18/2015
944,,06/18/2015
945,,06/18/2015
946,,06/18/2015
947,,06/18/2015
948,,06/18/2015
949,,06/18/2015
950,,06/18/2015
951,,06/18/2015
952,,06/18/2015
953,,06/18/2015
954,,06/18/2015
955,,06/18/2015
956,,06/18/2015
959,,07/13/2015
960,,07/13/2015
961,,07/13/2015
962,,07/14/2015
963,,07/14/2015
964,,07/14/2015
965,,07/14/2015
966,,07/14/2015
967,,07/14/2015
968,,07/14/2015
969,,07/14/2015
970,,07/14/2015
971,,07/14/2015
972,,07/14/2015
973,,07/14/2015
974,,07/14/2015
975,,07/14/2015
976,,07/14/2015
977,,07/14/2015
978,,07/14/2015
979,,07/14/2015
980,,07/14/2015
981,,07/14/2015
982,,07/14/2015
983,,07/14/2015
984,,07/14/2015
985,,07/14/2015
986,,07/14/2015
987,,07/14/2015
988,,07/14/2015
989,,07/14/2015
990,,07/14/2015
991,,07/14/2015
992,,07/14/2015
993,,07/14/2015
994,,07/14/2015
995,,07/14/2015
996,,07/14/2015
997,,07/14/2015
998,,07/14/2015
999,,07/14/2015
1000,,07/14/2015
1001,,07/14/2015
1002,,07/14/2015
1003,,07/14/2015
1004,,07/14/2015
1005,,07/14/2015
1006,,07/14/2015
1007,,07/14/2015
1008,,07/14/2015
1009,,07/14/2015
1010,,07/14/2015
1011,,07/14/2015
1012,,07/14/2015
1013,,07/14/2015
1014,,07/14/2015
1015,,07/14/2015
1016,,07/14/2015
1017,,07/14/2015
1018,,07/14/2015
1019,,07/14/2015
1020,,07/14/2015
1021,,07/14/2015
1022,,07/14/2015
1023,,07/14/2015
1024,,07/14/2015
1025,,07/14/2015
1026,,07/14/2015
1027,,07/14/2015
1028,,07/14/2015
1029,,07/14/2015
1030,,07/14/2015
1031,,07/14/2015
1032,,07/14/2015
1033,,07/14/2015
1034,,07/14/2015
1035,,07/14/2015
1036,,07/14/2015
1037,,07/14/2015
1038,,07/14/2015
1039,,07/14/2015
1040,,07/14/2015
1041,,07/14/2015
1042,,07/14/2015
1043,,07/14/2015
1044,,07/14/2015
1045,,07/14/2015
1046,,07/14/2015
1047,,08/03/2015
1048,,10/26/2015
1049,,10/29/2015
1050,,10/29/2015
1051,,10/29/2015
1052,,10/29/2015
1053,,10/29/2015
1054,,10/29/2015
1055,,10/29/2015
1056,,10/29/2015
1057,,10/29/2015
1058,,10/29/2015
1059,,10/29/2015
1060,,10/29/2015
1061,,10/29/2015
1062,,10/29/2015
1063,,10/29/2015
1064,,10/29/2015
1065,,10/29/2015
1066,,10/29/2015
1067,,10/29/2015
1068,,10/29/2015
1069,,10/29/2015
1070,,10/29/2015
1071,,10/29/2015
1072,,10/29/2015
1073,,10/29/2015
1074,,10/29/2015
1075,,10/29/2015
1076,,10/29/2015
1077,,10/29/2015
1078,,10/29/2015
1079,,10/29/2015
1080,,10/29/2015
1081,,10/29/2015
1082,,10/29/2015
1083,,10/29/2015
1084,,10/29/2015
1085,,10/29/2015
1086,,10/29/2015
1087,,10/29/2015
1088,,10/29/2015
1089,,10/29/2015
1090,,10/29/2015
1091,,10/29/2015
1092,,10/29/2015
1093,,10/29/2015
1094,,10/29/2015
1098,,03/14/2016
1099,,03/14/2016
1100,,03/14/2016
1101,,03/14/2016
1102,,03/14/2016
1103,,03/14/2016
1104,,03/14/2016
1105,,03/14/2016
1106,,03/14/2016
1107,,03/14/2016
1108,,03/14/2016
1109,,03/14/2016
1110,,03/14/2016
1111,,03/14/2016
1112,,03/14/2016
1113,,03/14/2016
1114,,03/14/2016
1115,,03/14/2016
1116,,03/14/2016
1117,,03/14/2016
1118,,03/14/2016
1119,,03/14/2016
1120,,03/14/2016
1121,,03/14/2016
1122,,03/14/2016
1123,,03/14/2016
1124,,03/14/2016
1125,,03/14/2016
1126,,03/14/2016
1127,,03/14/2016
1128,,03/14/2016
1129,,03/14/2016
1130,,03/14/2016
1131,,03/14/2016
1132,,03/14/2016
1133,,03/14/2016
1134,,03/14/2016
1135,,03/14/2016
1136,,03/14/2016
1137,,03/14/2016
1138,,03/14/2016
1139,,03/14/2016
1140,,03/14/2016
1141,,03/14/2016
1142,,03/14/2016
1143,,03/14/2016
1144,,03/14/2016
1145,,03/14/2016
1146,,03/14/2016
1147,,03/14/2016
1148,,03/14/2016
1149,,03/14/2016
1150,,03/14/2016
1151,,03/14/2016
1152,,03/14/2016
1153,,03/14/2016
1190,,04/14/2016
1191,,04/14/2016
1192,,04/14/2016
1193,,04/14/2016
1194,,04/14/2016
1195,,04/14/2016
1196,,04/14/2016
1197,,04/14/2016
1198,,04/14/2016
1199,,04/14/2016
1200,,04/14/2016
1201,,04/14/2016
1202,,04/14/2016
1203,,04/14/2016
1204,,04/14/2016
1205,,04/14/2016
1206,,04/14/2016
1207,,04/14/2016
1208,,04/14/2016
1209,,04/14/2016
1210,,04/14/2016
1211,,04/14/2016
1212,,04/14/2016
1213,,04/14/2016
1214,,04/14/2016
1215,,04/14/2016
1216,,04/14/2016
1217,,04/14/2016
1218,,04/14/2016
1219,,04/14/2016
1220,,04/14/2016
1221,,04/14/2016
1222,,04/14/2016
1223,,04/14/2016
1224,,04/14/2016
1225,,04/14/2016
1226,,08/01/2016
1228,,08/01/2016
1229,,08/01/2016
1230,,08/01/2016
1231,,08/01/2016
1232,,08/01/2016
1233,,08/01/2016
1234,,08/01/2016
1235,,08/01/2016
1236,,08/01/2016
1237,,08/01/2016
1238,,08/04/2016
1239,,08/04/2016
1242,,08/04/2016
1243,,08/04/2016
1244,,08/04/2016
1245,,08/04/2016
1246,,08/04/2016
1247,,08/04/2016
1248,,08/04/2016
1249,,08/04/2016
1250,,08/04/2016
1251,,08/04/2016
1252,,08/04/2016
1253,,08/04/2016
1254,,08/04/2016
1255,,08/04/2016
1256,,08/04/2016
1257,,08/04/2016
1258,,08/04/2016
1259,,08/04/2016
1260,,08/04/2016
1261,,08/04/2016
1262,,08/04/2016
1263,,09/19/2016