Script ID,Type,Priority,Linked Req ID,Creation Date,
214,Manual,,,02/02/2017
215,Manual,,,02/02/2017
216,Manual,,,02/02/2017
217,Manual,,,02/02/2017
218,Manual,,,02/02/2017
219,Manual,,,02/02/2017
220,Manual,,,02/02/2017
221,Manual,,,02/02/2017
222,Manual,,,02/02/2017
223,Manual,,,02/02/2017
224,Manual,,,02/02/2017
225,Manual,,,02/02/2017
226,Manual,,,02/02/2017
227,Manual,,,02/02/2017
228,Manual,,,02/02/2017
229,Manual,,,02/02/2017
230,Manual,,,02/02/2017
231,Manual,,,02/02/2017
232,Manual,,,02/02/2017
233,Manual,,,02/02/2017
234,Manual,,,02/02/2017
235,Manual,,,02/02/2017
236,Manual,,,02/02/2017
237,Manual,,,02/02/2017
238,Manual,,,02/02/2017
239,Manual,,,02/02/2017
240,Manual,,,02/02/2017
241,Manual,,,02/02/2017
242,Manual,,,02/02/2017
243,Manual,,,02/02/2017
244,Manual,,,02/02/2017
245,Manual,,,02/02/2017
246,Manual,,,02/02/2017
247,Manual,,,02/02/2017
248,Manual,,,02/02/2017
249,Manual,,,02/02/2017
250,Manual,,,02/02/2017
251,Manual,,,02/02/2017
252,Manual,,,02/02/2017
253,Manual,,,02/02/2017
254,Manual,,,02/02/2017
255,Manual,,,02/02/2017
256,Manual,,,02/02/2017
257,Manual,,,02/02/2017
258,Manual,,,02/02/2017
259,Manual,,,02/02/2017
260,Manual,,,02/02/2017
261,Manual,,,02/02/2017
262,Manual,,,02/02/2017
263,Manual,,,02/02/2017
264,Manual,,,02/02/2017
265,Manual,,,02/02/2017
266,Manual,,,02/02/2017
267,Manual,,,02/02/2017
268,Manual,,,02/02/2017
269,Manual,,,02/02/2017
270,Manual,,,02/02/2017
271,Manual,,,02/02/2017
272,Manual,,,02/02/2017
273,Manual,,,02/02/2017
274,Manual,,,02/02/2017
275,Manual,,,02/02/2017
276,Manual,,,02/02/2017
277,Manual,,,02/02/2017
278,Manual,,,02/02/2017
279,Manual,,,02/02/2017
280,Manual,,,02/02/2017
281,Manual,,,02/02/2017
282,Manual,,,02/02/2017
283,Manual,,,02/02/2017
284,Manual,,,02/02/2017
285,Manual,,,02/02/2017
286,Manual,,,02/02/2017
287,Manual,,,02/02/2017
288,Manual,,,02/02/2017
289,Manual,,,02/02/2017
290,Manual,,,02/02/2017
291,Manual,,,02/02/2017
292,Manual,,,02/02/2017
293,Manual,,,02/02/2017
294,Manual,,,02/02/2017
295,Manual,,,02/02/2017
296,Manual,,,02/02/2017
297,Manual,,,02/02/2017
298,Manual,,,02/02/2017
299,Manual,,,02/02/2017
300,Manual,,,02/02/2017
301,Manual,,,02/02/2017
302,Manual,,,02/02/2017
303,Manual,,,02/02/2017
304,Manual,,,02/02/2017
305,Manual,,,02/02/2017
306,Manual,,,02/02/2017
307,Manual,,,02/02/2017
308,Manual,,,02/02/2017
309,Manual,,,02/02/2017
310,Manual,,,02/02/2017
311,Manual,,,02/02/2017
312,Manual,,,02/02/2017
313,Manual,,,02/02/2017
314,Manual,,,02/02/2017
315,Manual,,,02/02/2017
316,Manual,,,02/02/2017
317,Manual,,,02/02/2017
318,Manual,,,02/02/2017
319,Manual,,,02/02/2017
320,Manual,,,02/02/2017
321,Manual,,,02/02/2017
322,Manual,,,02/02/2017
323,Manual,,,02/02/2017
324,Manual,,,02/02/2017
325,Manual,,,02/02/2017
326,Manual,,,02/02/2017
327,Manual,,,02/02/2017
328,Manual,,,02/02/2017
329,Manual,,,02/02/2017
330,Manual,,,02/02/2017
331,Manual,,,02/02/2017
332,Manual,,,02/02/2017
333,Manual,,,02/02/2017
334,Manual,,,02/02/2017
335,Manual,,,02/02/2017
336,Manual,,,02/02/2017
337,Manual,,,02/02/2017
338,Manual,,,02/02/2017
339,Manual,,,02/02/2017
340,Manual,,,02/02/2017
341,Manual,,,02/02/2017
342,Manual,,,02/02/2017
343,Manual,,,02/02/2017
344,Manual,,,02/02/2017
345,Manual,,,02/02/2017
346,Manual,,,02/02/2017
347,Manual,,,02/02/2017
348,Manual,,,02/02/2017
349,Manual,,,02/02/2017
350,Manual,,,02/02/2017
351,Manual,,,02/02/2017
352,Manual,,,02/02/2017
353,Manual,,,02/02/2017
354,Manual,,,02/02/2017
355,Manual,,,02/02/2017
356,Manual,,,02/02/2017
357,Manual,,,02/02/2017
358,Manual,,,02/02/2017
359,Manual,,,02/02/2017
360,Manual,,,02/02/2017
361,Manual,,,02/02/2017
362,Manual,,,02/02/2017
363,Manual,,,02/02/2017
364,Manual,,,02/02/2017
365,Manual,,,02/02/2017
366,Manual,,,02/02/2017
367,Manual,,,02/02/2017
368,Manual,,,02/02/2017
369,Manual,,,02/02/2017
370,Manual,,,02/02/2017
371,Manual,,,02/02/2017
372,Manual,,,02/02/2017
373,Manual,,,02/02/2017
374,Manual,,,02/02/2017
375,Manual,,,02/02/2017
376,Manual,,,02/02/2017
377,Manual,,,02/02/2017
378,Manual,,,02/02/2017
379,Manual,,,02/02/2017
380,Manual,,,02/02/2017
381,Manual,,,02/02/2017
382,Manual,,,02/02/2017
383,Manual,,,02/02/2017
384,Manual,,,02/02/2017
385,Manual,,,02/02/2017
386,Manual,,,02/02/2017
387,Manual,,,02/02/2017
388,Manual,,,02/02/2017
389,Manual,,,02/02/2017
390,Manual,,,02/02/2017
391,Manual,,,02/02/2017
392,Manual,,,02/02/2017
393,Manual,,,02/02/2017
394,Manual,,,02/02/2017
395,Manual,,,02/02/2017
396,Manual,,,02/02/2017
397,Manual,,,02/02/2017
398,Manual,,,02/02/2017
399,Manual,,,02/02/2017
400,Manual,,,02/02/2017
401,Manual,,,02/02/2017
402,Manual,,,02/02/2017
403,Manual,,,02/02/2017
404,Manual,,,02/02/2017